order_id,order_date,customer_name,age,city,category,unit_price,quantity,discount_pct,payment_method,rating
1001,2025-07-13,Customer_131,50.0,Mumbai,Electronics,5184.0,5.0,0.0,Card,4.0
1002,2025-04-06,Customer_10,22.0,Chandigarh,Books,621.0,4.0,15.0,NetBanking,5.0
1003,2025-03-25,Customer_60,53.0,Bengaluru,Books,870.0,3.0,5.0,UPI,4.0
1004,2025-04-28,Customer_69,23.0,Bengaluru,Grocery,1307.0,5.0,5.0,Card,4.0
1005,2025-08-07,Customer_119,20.0,Chandigarh,Grocery,447.0,1.0,0.0,NetBanking,5.0
1006,2025-03-30,Customer_20,23.0,Jalandhar,Sports,3849.0,5.0,20.0,NetBanking,4.0
1007,2025-11-30,Customer_65,39.0,Delhi,Electronics,16868.0,5.0,20.0,Card,5.0
1008,2025-06-25,Customer_23,47.0,Patiala,Books,298.0,3.0,20.0,Cash,5.0
1009,2025-11-12,Customer_118,37.0,Chandigarh,Clothing,1294.0,4.0,0.0,UPI,2.0
1010,2025-09-07,Customer_95,23.0,Mumbai,Electronics,8626.0,3.0,5.0,UPI,4.0
1011,2025-05-02,Customer_75,27.0,Jalandhar,Grocery,1492.0,2.0,20.0,Card,4.0
1012,2025-03-25,Customer_59,58.0,Delhi,Sports,6069.0,4.0,10.0,NetBanking,5.0
1013,2025-09-29,Customer_23,63.0,Amritsar,Books,772.0,2.0,0.0,Cash,4.0
1014,2025-05-01,Customer_138,53.0,Chandigarh,Books,753.0,2.0,0.0,Card,2.0
1015,2025-04-01,Customer_97,22.0,Patiala,Books,867.0,,5.0,Card,4.0
1016,2025-12-06,Customer_48,56.0,Patiala,Books,184.0,5.0,20.0,UPI,2.0
1017,2025-06-26,Customer_62,,Delhi,Grocery,1328.0,2.0,0.0,Card,5.0
1018,2025-01-18,Customer_109,42.0,Ludhiana,Electronics,3863.0,3.0,20.0,UPI,4.0
1019,2025-06-30,Customer_108,24.0,Delhi,Sports,4013.0,1.0,15.0,UPI,5.0
1020,2025-06-18,Customer_69,64.0,Chandigarh,Grocery,911.0,,20.0,Cash,5.0
1021,2025-11-12,Customer_46,38.0,Jalandhar,Grocery,568.0,1.0,20.0,UPI,4.0
1022,2025-09-17,Customer_99,20.0,Ludhiana,Clothing,840.0,1.0,5.0,UPI,4.0
1023,2025-03-11,Customer_99,27.0,Patiala,Electronics,7384.0,5.0,20.0,Cash,5.0
1024,2025-02-24,Customer_90,36.0,Ludhiana,Sports,6667.0,5.0,0.0,Card,
1025,2025-08-09,Customer_11,20.0,Jalandhar,Books,354.0,5.0,5.0,Card,5.0
1026,2025-01-18,Customer_71,33.0,Chandigarh,Books,348.0,1.0,5.0,UPI,1.0
1027,2025-04-27,Customer_92,40.0,Amritsar,Grocery,-1.0,1.0,0.0,UPI,4.0
1028,2025-02-20,Customer_142,62.0,chandigarh,Sports,1493.0,2.0,0.0,Card,3.0
1029,2025-01-08,Customer_79,22.0,Ludhiana,Grocery,1377.0,3.0,0.0,Cash,5.0
1030,2025-12-02,Customer_52,45.0,Bengaluru,Grocery,1385.0,2.0,0.0,Card,4.0
1031,2025-02-02,Customer_83,61.0,Chandigarh,Grocery,917.0,3.0,5.0,Cash,4.0
1032,2025-01-04,Customer_27,55.0,Jalandhar,Clothing,912.0,1.0,0.0,Cash,3.0
1033,2025-12-07,Customer_14,61.0,Delhi,Electronics,6364.0,4.0,0.0,Card,3.0
1034,2025-03-10,Customer_102,26.0,Amritsar,Grocery,462.0,2.0,20.0,Card,5.0
1035,2025-10-26,Customer_147,55.0,Amritsar,Sports,4788.0,1.0,0.0,Card,3.0
1036,2025-01-12,Customer_127,63.0,Bengaluru,Electronics,6301.0,4.0,0.0,UPI,2.0
1037,2025-02-26,Customer_87,33.0,Mumbai,Sports,3863.0,5.0,0.0,Cash,5.0
1038,2025-02-10,Customer_6,41.0,Ludhiana,Sports,1277.0,1.0,0.0,Cash,5.0
1039,2025-09-15,Customer_148,42.0,Jalandhar,Clothing,2299.0,3.0,10.0,Card,3.0
1040,2025-08-15,Customer_67,,Ludhiana,Books,116.0,5.0,20.0,Card,3.0
1041,2025-06-23,Customer_44,31.0,Patiala,Electronics,21853.0,4.0,15.0,Card,5.0
1042,2025-03-30,Customer_133,63.0,Jalandhar,Books,144.0,5.0,10.0,Cash,5.0
1043,2025-02-02,Customer_112,62.0,Jalandhar,Books,255.0,3.0,0.0,NetBanking,4.0
1044,2025-07-27,Customer_112,35.0,Delhi,Clothing,946.0,2.0,15.0,UPI,3.0
1045,2025-03-26,Customer_42,55.0,Ludhiana,Electronics,25267.0,4.0,0.0,Card,3.0
1046,2025-08-04,Customer_148,36.0,Bengaluru,Sports,805.0,1.0,15.0,UPI,
1047,2025-09-08,Customer_68,55.0,Chandigarh,Grocery,672.0,2.0,10.0,Card,5.0
1048,2025-11-07,Customer_80,45.0,Mumbai,Sports,4892.0,4.0,20.0,UPI,1.0
1049,2025-06-30,Customer_112,40.0,Ludhiana,Books,512.0,4.0,5.0,Card,1.0
1050,2025-01-02,Customer_99,24.0,Chandigarh,Books,644.0,1.0,15.0,Card,
1051,2025-04-13,Customer_26,48.0,Mumbai,Books,742.0,3.0,10.0,Card,
1052,2025-11-08,Customer_46,33.0,Ludhiana,Electronics,13021.0,2.0,10.0,Card,5.0
1053,2025-07-14,Customer_54,,Mumbai,Clothing,3364.0,3.0,20.0,NetBanking,4.0
1054,2025-08-14,Customer_142,27.0,Jalandhar,Grocery,511.0,5.0,15.0,NetBanking,4.0
1055,2025-06-17,Customer_107,64.0,Mumbai,Grocery,1477.0,1.0,10.0,UPI,4.0
1056,2025-03-01,Customer_55,22.0,Patiala,Electronics,16126.0,5.0,10.0,Card,3.0
1057,2025-11-24,Customer_110,55.0,Mumbai,Grocery,1117.0,3.0,15.0,NetBanking,4.0
1058,2025-10-10,Customer_111,58.0,Ludhiana,Electronics,26500.0,4.0,5.0,Cash,
1059,2025-12-30,Customer_59,19.0,,Books,734.0,3.0,0.0,UPI,4.0
1060,2025-11-09,Customer_61,45.0,Jalandhar,Books,780.0,2.0,10.0,Cash,5.0
1061,2025-04-17,Customer_134,45.0,Ludhiana,Sports,4477.0,4.0,0.0,UPI,5.0
1062,2025-04-03,Customer_84,34.0,Jalandhar,Books,134.0,4.0,0.0,UPI,2.0
1063,2025-04-01,Customer_23,49.0,Patiala,Clothing,2124.0,1.0,10.0,Cash,4.0
1064,2025-12-02,Customer_108,37.0,Ludhiana,Sports,1779.0,4.0,15.0,Cash,3.0
1065,2025-07-23,Customer_88,38.0,chandigarh,Grocery,1339.0,4.0,15.0,NetBanking,4.0
1066,2025-06-15,Customer_76,38.0,Delhi,Clothing,1175.0,2.0,5.0,Card,
1067,2025-12-20,Customer_109,55.0,Mumbai,Sports,2133.0,5.0,10.0,NetBanking,3.0
1068,2025-08-09,Customer_136,47.0,Chandigarh,Clothing,1222.0,4.0,0.0,Card,5.0
1069,2025-11-28,Customer_50,35.0,Ludhiana,Electronics,19991.0,2.0,15.0,Cash,4.0
1070,2025-12-26,Customer_63,61.0,Amritsar,Grocery,878.0,1.0,5.0,UPI,5.0
1071,2025-01-29,Customer_29,55.0,Patiala,Books,859.0,4.0,15.0,UPI,1.0
1072,2025-05-12,Customer_97,61.0,Patiala,Electronics,13655.0,2.0,20.0,NetBanking,2.0
1073,2025-09-25,Customer_61,52.0,Ludhiana,Grocery,459.0,4.0,15.0,NetBanking,
1074,2025-10-24,Customer_52,36.0,Mumbai,Electronics,3379.0,3.0,5.0,NetBanking,2.0
1075,2025-02-24,Customer_104,54.0,Delhi,Books,105.0,3.0,20.0,Card,3.0
1076,2025-04-27,Customer_61,33.0,Chandigarh,Grocery,591.0,1.0,15.0,UPI,
1077,2025-07-20,Customer_70,30.0,Amritsar,Clothing,3725.0,4.0,15.0,NetBanking,3.0
1078,2025-10-19,Customer_66,39.0,Mumbai,Clothing,2237.0,1.0,20.0,Cash,3.0
1079,2025-02-11,Customer_39,63.0,Ludhiana,Grocery,1345.0,3.0,20.0,UPI,4.0
1080,2025-08-08,Customer_19,44.0,Patiala,Books,181.0,5.0,0.0,NetBanking,4.0
1081,2025-04-19,Customer_124,36.0,Patiala,Sports,1109.0,5.0,20.0,NetBanking,4.0
1082,2025-03-20,Customer_14,39.0,Mumbai,Grocery,1258.0,5.0,15.0,Card,4.0
1083,2025-07-08,Customer_49,31.0,Jalandhar,Electronics,4988.0,5.0,5.0,NetBanking,5.0
1084,2025-06-01,Customer_100,48.0,Ludhiana,Sports,794.0,3.0,5.0,NetBanking,2.0
1085,2025-08-21,Customer_20,34.0,Jalandhar,Books,423.0,2.0,15.0,Cash,4.0
1086,2025-04-26,Customer_98,44.0,Jalandhar,Books,839.0,5.0,5.0,Cash,4.0
1087,2025-10-28,Customer_110,35.0,Ludhiana,Electronics,21302.0,5.0,10.0,Card,5.0
1088,2025-01-29,Customer_99,33.0,Ludhiana,Clothing,666.0,5.0,15.0,NetBanking,4.0
1089,2025-11-11,Customer_46,63.0,Ludhiana,Books,769.0,4.0,15.0,NetBanking,4.0
1090,2025-01-11,Customer_3,34.0,Patiala,Sports,6811.0,1.0,20.0,NetBanking,2.0
1091,2025-09-26,Customer_133,21.0,Jalandhar,Grocery,1211.0,3.0,0.0,Cash,3.0
1092,2025-05-07,Customer_49,35.0,,Sports,7260.0,3.0,5.0,UPI,2.0
1093,2025-05-20,Customer_120,43.0,Chandigarh,Sports,2223.0,5.0,20.0,Card,5.0
1094,2025-01-07,Customer_30,22.0,Ludhiana,Clothing,3924.0,2.0,10.0,Card,3.0
1095,2025-09-14,Customer_25,32.0,Bengaluru,Sports,2837.0,2.0,5.0,NetBanking,5.0
1096,2025-03-02,Customer_116,25.0,Mumbai,Clothing,3267.0,1.0,5.0,Cash,2.0
1097,2025-08-29,Customer_141,41.0,Ludhiana,Clothing,2443.0,5.0,5.0,Cash,5.0
1098,2025-09-22,Customer_129,51.0,Jalandhar,Books,723.0,4.0,10.0,UPI,5.0
1099,2025-11-05,Customer_112,63.0,Ludhiana,Books,602.0,1.0,5.0,NetBanking,2.0
1100,2025-09-16,Customer_37,36.0,Jalandhar,Electronics,19989.0,3.0,15.0,Card,1.0
1101,2025-04-21,Customer_137,58.0,Jalandhar,Sports,5083.0,3.0,10.0,UPI,2.0
1102,2025-09-27,Customer_100,28.0,Ludhiana,Electronics,23811.0,3.0,15.0,NetBanking,5.0
1103,2025-10-29,Customer_26,54.0,Amritsar,Sports,6016.0,5.0,0.0,UPI,3.0
1104,2025-04-26,Customer_20,44.0,Patiala,Electronics,5767.0,1.0,15.0,UPI,
1105,2025-02-15,Customer_130,53.0,Chandigarh,Books,760.0,2.0,20.0,UPI,
1106,2025-11-21,Customer_41,53.0,Jalandhar,Books,528.0,1.0,0.0,Card,5.0
1107,2025-02-23,Customer_115,43.0,Mumbai,Books,358.0,2.0,5.0,UPI,4.0
1108,2025-08-05,Customer_21,30.0,jalandhar,Books,511.0,5.0,15.0,NetBanking,
1109,2025-03-28,Customer_42,,Bengaluru,Grocery,1452.0,5.0,15.0,Cash,
1110,2025-02-15,Customer_43,56.0,Ludhiana,Books,786.0,1.0,15.0,Card,3.0
1111,2025-10-11,Customer_42,63.0,delhi,Clothing,3384.0,4.0,10.0,UPI,5.0
1112,2025-02-22,Customer_101,61.0,Mumbai,Books,470.0,2.0,15.0,Card,2.0
1113,2025-09-02,Customer_137,26.0,Amritsar,Grocery,1186.0,1.0,15.0,UPI,4.0
1114,2025-09-10,Customer_136,46.0,Bengaluru,Grocery,608.0,2.0,0.0,NetBanking,5.0
1115,2025-01-22,Customer_111,22.0,Jalandhar,Grocery,1044.0,1.0,15.0,Card,4.0
1116,2025-03-05,Customer_31,49.0,Patiala,Grocery,977.0,3.0,10.0,Card,4.0
1117,2025-10-17,Customer_144,64.0,Chandigarh,Electronics,8994.0,5.0,0.0,UPI,3.0
1118,2025-07-05,Customer_81,20.0,Chandigarh,Electronics,9460.0,3.0,10.0,UPI,4.0
1119,2025-02-14,Customer_82,48.0,Amritsar,Clothing,526.0,4.0,10.0,UPI,4.0
1120,2025-12-28,Customer_105,62.0,mumbai,Electronics,5913.0,3.0,0.0,UPI,
1121,2025-04-07,Customer_115,57.0,,Grocery,678.0,1.0,20.0,Cash,4.0
1122,2025-01-02,Customer_142,36.0,Bengaluru,Books,482.0,1.0,5.0,NetBanking,3.0
1123,2025-12-04,Customer_87,22.0,Patiala,Books,232.0,2.0,5.0,NetBanking,3.0
1124,2025-01-07,Customer_91,61.0,Delhi,Grocery,654.0,2.0,10.0,Card,3.0
1125,2025-07-21,Customer_112,61.0,Patiala,Sports,4991.0,5.0,20.0,NetBanking,4.0
1126,2025-12-29,Customer_39,45.0,Bengaluru,Grocery,387.0,5.0,15.0,Cash,
1127,2025-07-30,Customer_46,64.0,Mumbai,Electronics,11470.0,5.0,15.0,UPI,5.0
1128,2025-08-02,Customer_94,18.0,Bengaluru,Books,394.0,4.0,5.0,UPI,4.0
1129,2025-05-22,Customer_10,46.0,Delhi,Grocery,782.0,3.0,20.0,Cash,2.0
1130,2025-02-16,Customer_48,19.0,Mumbai,Books,393.0,4.0,20.0,Card,4.0
1131,2025-07-29,Customer_107,61.0,Jalandhar,Grocery,1118.0,3.0,10.0,UPI,5.0
1132,2025-11-24,Customer_146,49.0,Patiala,Grocery,524.0,4.0,10.0,NetBanking,3.0
1133,2025-02-03,Customer_78,60.0,Mumbai,Electronics,14149.0,4.0,0.0,Cash,
1134,2025-11-18,Customer_60,44.0,Amritsar,Grocery,600.0,4.0,15.0,Cash,1.0
1135,2025-06-01,Customer_66,21.0,Chandigarh,Books,246.0,4.0,20.0,NetBanking,1.0
1136,2025-07-15,Customer_103,19.0,Amritsar,Clothing,2837.0,1.0,10.0,NetBanking,5.0
1137,2025-03-02,Customer_82,33.0,,Books,288.0,4.0,10.0,NetBanking,5.0
1138,2025-08-15,Customer_4,52.0,Patiala,Electronics,10312.0,2.0,10.0,Card,1.0
1139,2025-03-08,Customer_81,25.0,Patiala,Clothing,3233.0,4.0,0.0,NetBanking,5.0
1140,2025-04-10,Customer_60,58.0,Patiala,Grocery,1425.0,3.0,15.0,Cash,2.0
1141,2025-09-21,Customer_105,29.0,Patiala,Sports,5498.0,,15.0,Cash,
1142,2025-01-19,Customer_131,41.0,Patiala,Clothing,3690.0,2.0,20.0,NetBanking,5.0
1143,2025-06-13,Customer_144,27.0,Patiala,Clothing,3460.0,5.0,20.0,UPI,4.0
1144,2025-08-06,Customer_91,39.0,Delhi,Grocery,747.0,5.0,10.0,Card,1.0
1145,2025-02-18,Customer_55,39.0,Mumbai,Sports,6254.0,2.0,20.0,UPI,4.0
1146,2025-04-18,Customer_67,18.0,Delhi,Sports,2895.0,3.0,10.0,Card,5.0
1147,2025-05-06,Customer_27,44.0,Chandigarh,Electronics,14893.0,3.0,15.0,Card,3.0
1148,2025-08-31,Customer_140,54.0,Mumbai,Clothing,2281.0,4.0,15.0,NetBanking,3.0
1149,2025-12-23,Customer_127,62.0,Bengaluru,Sports,7699.0,4.0,20.0,NetBanking,2.0
1150,2025-11-02,Customer_128,33.0,Amritsar,Electronics,25759.0,5.0,15.0,Card,4.0
1151,2025-03-11,Customer_49,59.0,Chandigarh,Sports,4118.0,2.0,0.0,Card,4.0
1152,2025-01-07,Customer_49,59.0,Ludhiana,Clothing,2714.0,3.0,0.0,Cash,5.0
1153,2025-01-19,Customer_128,64.0,Ludhiana,Sports,1937.0,3.0,10.0,NetBanking,5.0
1154,2025-08-06,Customer_82,35.0,Mumbai,Clothing,3276.0,5.0,10.0,NetBanking,5.0
1155,2025-02-27,Customer_105,57.0,Amritsar,Grocery,851.0,2.0,15.0,UPI,5.0
1156,2025-03-26,Customer_73,44.0,Mumbai,Books,526.0,3.0,10.0,UPI,
1157,2025-11-06,Customer_66,20.0,Mumbai,Electronics,23455.0,1.0,10.0,Cash,4.0
1158,2025-11-15,Customer_95,30.0,Bengaluru,Grocery,967.0,5.0,20.0,Card,3.0
1159,2025-11-03,Customer_122,49.0,Chandigarh,Grocery,155.0,2.0,5.0,UPI,3.0
1160,2025-04-03,Customer_50,25.0,Mumbai,Books,330.0,2.0,10.0,UPI,5.0
1161,2025-08-15,Customer_121,38.0,Amritsar,Sports,1743.0,3.0,10.0,Card,4.0
1162,2025-08-11,Customer_37,54.0,Bengaluru,Books,687.0,3.0,10.0,Card,5.0
1163,2025-03-09,Customer_61,25.0,Ludhiana,Grocery,100.0,5.0,20.0,Cash,4.0
1164,2025-07-22,Customer_136,41.0,,Grocery,343.0,3.0,20.0,UPI,4.0
1165,2025-07-11,Customer_143,28.0,Ludhiana,Grocery,916.0,3.0,10.0,Cash,4.0
1166,2025-05-25,Customer_138,43.0,Patiala,Sports,5680.0,1.0,10.0,Cash,2.0
1167,2025-10-02,Customer_48,29.0,Chandigarh,Clothing,2162.0,1.0,10.0,Card,3.0
1168,2025-09-05,Customer_126,63.0,Jalandhar,Electronics,26100.0,2.0,0.0,UPI,4.0
1169,2025-07-14,Customer_140,21.0,Mumbai,Clothing,3700.0,5.0,10.0,Cash,2.0
1170,2025-09-22,Customer_146,63.0,Delhi,Electronics,5698.0,5.0,5.0,Cash,
1171,2025-10-06,Customer_4,55.0,Chandigarh,Electronics,28670.0,4.0,0.0,Card,2.0
1172,2025-07-26,Customer_112,58.0,Bengaluru,Electronics,19202.0,4.0,0.0,Card,3.0
1173,2025-04-08,Customer_149,58.0,Patiala,Books,608.0,2.0,10.0,Cash,5.0
1174,2025-10-04,Customer_114,26.0,Jalandhar,Books,176.0,1.0,0.0,Card,
1175,2025-09-19,Customer_35,61.0,Bengaluru,Books,597.0,1.0,15.0,Card,5.0
1176,2025-12-25,Customer_114,45.0,Delhi,Grocery,1102.0,2.0,10.0,Card,5.0
1177,2025-02-24,Customer_16,63.0,Delhi,Books,564.0,2.0,5.0,Card,2.0
1178,2025-06-03,Customer_72,59.0,Jalandhar,Electronics,4365.0,1.0,15.0,Cash,4.0
1179,2025-12-04,Customer_94,45.0,Ludhiana,Sports,4376.0,2.0,10.0,Card,4.0
1180,2025-07-07,Customer_69,35.0,Ludhiana,Grocery,1407.0,1.0,15.0,Card,5.0
1181,2025-12-11,Customer_105,23.0,Ludhiana,Sports,5897.0,4.0,15.0,Cash,5.0
1182,2025-01-05,Customer_36,22.0,Ludhiana,Electronics,5847.0,5.0,0.0,Card,5.0
1183,2025-01-13,Customer_91,36.0,Chandigarh,Grocery,1441.0,4.0,5.0,UPI,4.0
1184,2025-10-18,Customer_97,56.0,Amritsar,Books,867.0,3.0,10.0,NetBanking,3.0
1185,2025-05-11,Customer_95,41.0,Chandigarh,Grocery,295.0,3.0,20.0,UPI,4.0
1186,2025-07-09,Customer_44,40.0,Bengaluru,Grocery,1211.0,2.0,0.0,Cash,5.0
1187,2025-06-06,Customer_46,29.0,Mumbai,Electronics,13388.0,1.0,0.0,Card,4.0
1188,2025-05-29,Customer_39,44.0,Patiala,Clothing,2496.0,3.0,20.0,UPI,4.0
1189,2025-12-09,Customer_69,47.0,Amritsar,Clothing,1947.0,3.0,20.0,UPI,4.0
1190,2025-02-04,Customer_88,64.0,Mumbai,Clothing,3195.0,1.0,0.0,NetBanking,5.0
1191,2025-10-09,Customer_55,52.0,Amritsar,Books,897.0,3.0,10.0,Card,5.0
1192,2025-11-21,Customer_62,46.0,Chandigarh,Books,736.0,2.0,15.0,Card,3.0
1193,2025-08-28,Customer_43,60.0,Chandigarh,Books,845.0,1.0,0.0,Cash,3.0
1194,2025-05-25,Customer_33,37.0,Ludhiana,Clothing,3800.0,4.0,5.0,UPI,4.0
1195,2025-02-28,Customer_98,61.0,Chandigarh,Sports,1084.0,3.0,5.0,Cash,4.0
1196,2025-09-07,Customer_122,35.0,Ludhiana,Electronics,9094.0,4.0,15.0,Card,4.0
1197,2025-06-21,Customer_44,24.0,Ludhiana,Clothing,2970.0,4.0,5.0,Cash,1.0
1198,2025-02-24,Customer_129,37.0,Mumbai,Electronics,18522.0,5.0,10.0,UPI,4.0
1199,2025-05-12,Customer_86,24.0,Bengaluru,Clothing,485.0,5.0,5.0,NetBanking,4.0
1200,2025-12-17,Customer_25,,Jalandhar,Sports,1122.0,4.0,15.0,UPI,4.0
1201,2025-04-07,Customer_55,59.0,Bengaluru,Clothing,2226.0,5.0,0.0,Cash,4.0
1202,2025-03-07,Customer_2,55.0,Bengaluru,Sports,5082.0,3.0,5.0,Cash,5.0
1203,2025-09-06,Customer_6,28.0,Mumbai,Grocery,293.0,5.0,5.0,Card,4.0
1204,2025-03-14,Customer_51,57.0,Ludhiana,Books,237.0,4.0,20.0,UPI,5.0
1205,2025-12-02,Customer_68,21.0,Jalandhar,Grocery,237.0,4.0,20.0,Card,4.0
1206,2025-11-10,Customer_119,31.0,Chandigarh,Clothing,2390.0,5.0,10.0,NetBanking,4.0
1207,2025-12-25,Customer_21,51.0,Bengaluru,Books,106.0,3.0,0.0,NetBanking,4.0
1208,2025-11-30,Customer_126,32.0,Mumbai,Sports,4750.0,4.0,15.0,NetBanking,2.0
1209,2025-03-30,Customer_35,52.0,Patiala,Clothing,2060.0,2.0,10.0,UPI,3.0
1210,2025-03-19,Customer_21,59.0,Ludhiana,Books,472.0,5.0,20.0,Cash,4.0
1211,2025-05-06,Customer_105,21.0,Bengaluru,Clothing,2813.0,4.0,5.0,UPI,5.0
1212,2025-06-21,Customer_116,19.0,Jalandhar,Books,518.0,4.0,20.0,Cash,4.0
1213,2025-11-18,Customer_91,62.0,Jalandhar,Books,682.0,3.0,20.0,Card,2.0
1214,2025-09-25,Customer_18,42.0,Bengaluru,Grocery,1157.0,5.0,5.0,Cash,4.0
1215,2025-08-24,Customer_18,41.0,Delhi,Books,836.0,1.0,15.0,Cash,3.0
1216,2025-11-17,Customer_59,39.0,Jalandhar,Clothing,3257.0,1.0,5.0,NetBanking,5.0
1217,2025-08-24,Customer_68,38.0,Amritsar,Electronics,16495.0,3.0,5.0,Card,5.0
1218,2025-05-19,Customer_149,50.0,Patiala,Electronics,15780.0,4.0,5.0,Card,4.0
1219,2025-05-31,Customer_43,45.0,Bengaluru,Grocery,391.0,5.0,15.0,Cash,4.0
1220,2025-07-08,Customer_29,25.0,Patiala,Sports,4956.0,,5.0,UPI,3.0
1221,2025-02-02,Customer_141,47.0,Chandigarh,Electronics,5895.0,4.0,15.0,UPI,4.0
1222,2025-09-28,Customer_23,49.0,Jalandhar,Grocery,1400.0,3.0,10.0,Cash,5.0
1223,2025-08-27,Customer_4,23.0,Mumbai,Books,776.0,5.0,15.0,NetBanking,5.0
1224,2025-09-24,Customer_63,35.0,Mumbai,Clothing,743.0,4.0,20.0,Cash,4.0
1225,2025-07-14,Customer_60,55.0,delhi,Books,728.0,3.0,0.0,NetBanking,4.0
1226,2025-10-13,Customer_93,47.0,Mumbai,Clothing,733.0,5.0,20.0,UPI,2.0
1227,2025-12-13,Customer_131,24.0,Delhi,Sports,5881.0,1.0,0.0,Card,2.0
1228,2025-07-28,Customer_140,19.0,patiala,Grocery,177.0,5.0,10.0,Cash,3.0
1229,2025-06-12,Customer_44,45.0,Chandigarh,Grocery,757.0,1.0,5.0,Card,4.0
1230,2025-02-08,Customer_147,39.0,Mumbai,Electronics,20420.0,2.0,15.0,UPI,5.0
1231,2025-10-12,Customer_95,63.0,Mumbai,Grocery,1106.0,5.0,15.0,UPI,4.0
1232,2025-11-26,Customer_11,42.0,ludhiana,Sports,3581.0,4.0,20.0,NetBanking,
1233,2025-09-13,Customer_140,61.0,Chandigarh,Electronics,27805.0,5.0,10.0,Cash,2.0
1234,2025-11-12,Customer_21,28.0,Amritsar,Books,719.0,4.0,20.0,Card,3.0
1235,2025-11-11,Customer_88,39.0,Delhi,Grocery,351.0,4.0,5.0,Card,5.0
1236,2025-10-19,Customer_118,24.0,Delhi,Books,636.0,2.0,5.0,UPI,4.0
1237,2025-07-03,Customer_38,44.0,Jalandhar,Books,684.0,,5.0,NetBanking,5.0
1238,2025-02-06,Customer_41,26.0,Bengaluru,Grocery,533.0,1.0,10.0,UPI,5.0
1239,2025-01-02,Customer_71,41.0,Bengaluru,Clothing,3031.0,2.0,15.0,NetBanking,2.0
1240,2025-03-16,Customer_132,34.0,Amritsar,Books,818.0,1.0,20.0,UPI,4.0
1241,2025-06-07,Customer_34,26.0,Ludhiana,Electronics,24879.0,3.0,5.0,Card,5.0
1242,2025-09-29,Customer_99,22.0,Ludhiana,Grocery,1155.0,4.0,5.0,Card,4.0
1243,2025-06-16,Customer_68,42.0,Bengaluru,Electronics,19765.0,5.0,20.0,NetBanking,2.0
1244,2025-01-09,Customer_17,62.0,Delhi,Books,316.0,3.0,10.0,UPI,5.0
1245,2025-03-18,Customer_106,27.0,Chandigarh,Books,736.0,5.0,5.0,Card,5.0
1246,2025-12-24,Customer_125,37.0,Mumbai,Electronics,12197.0,5.0,20.0,Card,4.0
1247,2025-12-27,Customer_86,28.0,Mumbai,Books,525.0,5.0,10.0,Card,4.0
1248,2025-05-18,Customer_27,56.0,Amritsar,Grocery,505.0,3.0,20.0,UPI,
1249,2025-10-21,Customer_24,37.0,Ludhiana,Books,350.0,2.0,20.0,NetBanking,5.0
1250,2025-09-20,Customer_64,63.0,Patiala,Electronics,6413.0,5.0,20.0,Card,4.0
1251,2025-12-06,Customer_76,29.0,Jalandhar,Electronics,28916.0,2.0,10.0,Card,1.0
1252,2025-11-20,Customer_83,,Chandigarh,Grocery,264.0,3.0,15.0,Card,4.0
1253,2025-08-18,Customer_37,45.0,Ludhiana,Electronics,4415.0,1.0,20.0,NetBanking,5.0
1254,2025-05-25,Customer_75,48.0,Jalandhar,Clothing,3763.0,4.0,5.0,Card,5.0
1255,2025-08-17,Customer_44,64.0,Ludhiana,Books,544.0,4.0,0.0,Card,3.0
1256,2025-04-27,Customer_103,58.0,Ludhiana,Electronics,14261.0,1.0,5.0,Card,
1257,2025-05-08,Customer_119,59.0,Ludhiana,Books,689.0,2.0,15.0,Card,5.0
1258,2025-08-11,Customer_98,47.0,ludhiana,Electronics,12732.0,3.0,10.0,UPI,5.0
1259,2025-07-28,Customer_1,,Delhi,Electronics,5581.0,3.0,0.0,Cash,4.0
1260,2025-08-01,Customer_148,38.0,Patiala,Grocery,1108.0,,10.0,UPI,4.0
1261,2025-05-21,Customer_4,24.0,Patiala,Books,240.0,2.0,0.0,UPI,4.0
1262,2025-05-30,Customer_149,,Patiala,Electronics,17483.0,5.0,10.0,UPI,4.0
1263,2025-01-04,Customer_5,,Chandigarh,Clothing,3811.0,3.0,10.0,Card,2.0
1264,2025-08-08,Customer_77,19.0,Mumbai,Sports,7514.0,5.0,15.0,NetBanking,2.0
1265,2025-07-30,Customer_16,27.0,Delhi,Sports,3141.0,2.0,10.0,Cash,3.0
1266,2025-12-08,Customer_15,43.0,Chandigarh,Grocery,1181.0,1.0,10.0,NetBanking,5.0
1267,2025-07-04,Customer_102,35.0,Chandigarh,Grocery,938.0,1.0,15.0,Card,
1268,2025-06-20,Customer_109,64.0,Chandigarh,Clothing,2073.0,2.0,15.0,NetBanking,3.0
1269,2025-01-25,Customer_18,40.0,Ludhiana,Books,211.0,5.0,20.0,UPI,4.0
1270,2025-03-13,Customer_146,63.0,Bengaluru,Grocery,595.0,1.0,5.0,Cash,3.0
1271,2025-05-04,Customer_48,49.0,Ludhiana,Clothing,2712.0,2.0,10.0,NetBanking,3.0
1272,2025-05-18,Customer_48,19.0,Patiala,Electronics,29625.0,1.0,5.0,Cash,4.0
1273,2025-05-13,Customer_45,27.0,chandigarh,Electronics,2136.0,5.0,10.0,NetBanking,4.0
1274,2025-05-24,Customer_69,51.0,Patiala,Sports,5854.0,4.0,0.0,Card,4.0
1275,2025-10-08,Customer_27,43.0,Ludhiana,Grocery,1277.0,4.0,10.0,UPI,5.0
1276,2025-02-17,Customer_64,32.0,Bengaluru,Grocery,1429.0,4.0,0.0,NetBanking,3.0
1277,2025-05-02,Customer_32,42.0,Amritsar,Grocery,664.0,4.0,10.0,UPI,5.0
1278,2025-03-01,Customer_8,,Ludhiana,Books,194.0,,20.0,NetBanking,5.0
1279,2025-04-23,Customer_55,36.0,Bengaluru,Electronics,9587.0,1.0,20.0,Cash,5.0
1280,2025-09-07,Customer_101,20.0,Chandigarh,Electronics,25814.0,5.0,10.0,NetBanking,4.0
1281,2025-01-18,Customer_114,32.0,Amritsar,Clothing,3548.0,4.0,0.0,Card,4.0
1282,2025-05-04,Customer_53,61.0,Mumbai,Grocery,973.0,4.0,5.0,NetBanking,4.0
1283,2025-01-09,Customer_49,,Bengaluru,Books,198.0,2.0,0.0,UPI,4.0
1284,2025-12-15,Customer_118,57.0,Amritsar,Grocery,226.0,5.0,15.0,Card,1.0
1285,2025-09-23,Customer_102,60.0,,Grocery,743.0,2.0,20.0,UPI,5.0
1286,2025-03-30,Customer_124,23.0,Patiala,Sports,4870.0,1.0,10.0,NetBanking,4.0
1287,2025-03-14,Customer_136,31.0,Ludhiana,Electronics,2906.0,5.0,0.0,Cash,5.0
1288,2025-02-06,Customer_123,20.0,Ludhiana,Grocery,1044.0,2.0,0.0,NetBanking,
1289,2025-06-22,Customer_140,18.0,Ludhiana,Grocery,839.0,1.0,20.0,NetBanking,1.0
1290,2025-10-03,Customer_63,57.0,Ludhiana,Grocery,67.0,4.0,5.0,Card,4.0
1291,2025-08-02,Customer_59,62.0,Patiala,Sports,1127.0,2.0,0.0,UPI,4.0
1292,2025-11-18,Customer_48,25.0,Patiala,Clothing,1980.0,5.0,0.0,NetBanking,4.0
1293,2025-05-06,Customer_36,51.0,Ludhiana,Sports,5891.0,3.0,5.0,Card,3.0
1294,2025-04-12,Customer_112,43.0,Jalandhar,Clothing,3353.0,1.0,15.0,UPI,3.0
1295,2025-06-24,Customer_107,21.0,Ludhiana,Grocery,675.0,5.0,20.0,NetBanking,4.0
1296,2025-03-15,Customer_120,61.0,Mumbai,Grocery,478.0,3.0,5.0,NetBanking,4.0
1297,2025-12-23,Customer_25,58.0,Ludhiana,Sports,7759.0,2.0,15.0,Card,5.0
1298,2025-03-09,Customer_74,44.0,Bengaluru,Grocery,714.0,4.0,0.0,NetBanking,3.0
1299,2025-06-24,Customer_34,51.0,,Clothing,1466.0,3.0,0.0,UPI,3.0
1300,2025-07-10,Customer_134,36.0,Mumbai,Electronics,14384.0,1.0,0.0,UPI,3.0
1301,2025-01-21,Customer_40,55.0,Chandigarh,Clothing,344.0,4.0,20.0,Card,4.0
1302,2025-06-20,Customer_22,38.0,Jalandhar,Sports,2694.0,3.0,10.0,Cash,4.0
1303,2025-06-15,Customer_85,64.0,Delhi,Electronics,16435.0,4.0,20.0,UPI,4.0
1304,2025-04-05,Customer_131,20.0,Jalandhar,Sports,-1.0,5.0,0.0,UPI,5.0
1305,2025-02-16,Customer_137,26.0,Amritsar,Grocery,1120.0,4.0,0.0,Cash,3.0
1306,2025-01-17,Customer_15,63.0,Jalandhar,Electronics,23876.0,4.0,20.0,NetBanking,4.0
1307,2025-01-04,Customer_49,31.0,Jalandhar,Clothing,2316.0,2.0,0.0,Cash,1.0
1308,2025-06-25,Customer_23,32.0,Ludhiana,Grocery,210.0,2.0,0.0,NetBanking,3.0
1309,2025-02-02,Customer_46,55.0,Amritsar,Clothing,1746.0,3.0,10.0,NetBanking,4.0
1310,2025-12-17,Customer_80,26.0,Bengaluru,Electronics,29916.0,5.0,15.0,Cash,1.0
1311,2025-03-31,Customer_42,42.0,Delhi,Books,135.0,3.0,5.0,Cash,4.0
1312,2025-08-27,Customer_11,31.0,Patiala,Books,803.0,2.0,10.0,NetBanking,
1313,2025-09-03,Customer_76,27.0,Bengaluru,Electronics,21165.0,4.0,15.0,Card,5.0
1314,2025-06-30,Customer_8,63.0,Ludhiana,Clothing,1350.0,5.0,10.0,UPI,
1315,2025-11-19,Customer_34,27.0,Patiala,Clothing,3178.0,5.0,5.0,NetBanking,
1316,2025-02-10,Customer_1,22.0,Mumbai,Books,769.0,2.0,0.0,Card,4.0
1317,2025-03-27,Customer_13,49.0,,Books,134.0,4.0,10.0,NetBanking,1.0
1318,2025-04-03,Customer_66,58.0,Patiala,Books,185.0,3.0,20.0,Card,2.0
1319,2025-02-19,Customer_127,23.0,Jalandhar,Sports,5459.0,3.0,15.0,NetBanking,4.0
1320,2025-04-18,Customer_116,51.0,Amritsar,Books,899.0,2.0,20.0,UPI,5.0
1321,2025-04-25,Customer_15,43.0,Amritsar,Clothing,388.0,1.0,0.0,Cash,1.0
1322,2025-10-07,Customer_6,57.0,Ludhiana,Electronics,20639.0,2.0,0.0,Card,4.0
1323,2025-04-21,Customer_51,23.0,Mumbai,Books,209.0,3.0,10.0,Card,5.0
1324,2025-11-16,Customer_98,63.0,Chandigarh,Sports,5340.0,5.0,0.0,Card,5.0
1325,2025-10-10,Customer_112,47.0,Patiala,Sports,5137.0,5.0,10.0,NetBanking,4.0
1326,2025-11-26,Customer_123,57.0,Mumbai,Clothing,634.0,1.0,20.0,Card,4.0
1327,2025-02-08,Customer_51,35.0,Ludhiana,Clothing,2818.0,4.0,5.0,NetBanking,4.0
1328,2025-12-26,Customer_26,62.0,Ludhiana,Electronics,27116.0,1.0,10.0,Card,5.0
1329,2025-08-13,Customer_4,47.0,Patiala,Electronics,26176.0,4.0,15.0,UPI,2.0
1330,2025-12-25,Customer_22,23.0,Bengaluru,Grocery,92.0,2.0,0.0,NetBanking,5.0
1331,2025-05-10,Customer_10,61.0,Delhi,Grocery,406.0,3.0,20.0,UPI,1.0
1332,2025-12-14,Customer_129,55.0,Mumbai,Clothing,1191.0,4.0,5.0,Card,5.0
1333,2025-08-03,Customer_40,32.0,Ludhiana,Clothing,1977.0,3.0,20.0,NetBanking,2.0
1334,2025-01-27,Customer_123,43.0,Mumbai,Sports,1486.0,5.0,15.0,NetBanking,3.0
1335,2025-05-30,Customer_83,36.0,Amritsar,Grocery,-1.0,3.0,0.0,NetBanking,1.0
1336,2025-02-20,Customer_81,,Ludhiana,Sports,6303.0,5.0,15.0,Card,4.0
1337,2025-12-10,Customer_68,63.0,Delhi,Sports,6543.0,4.0,0.0,NetBanking,3.0
1338,2025-04-22,Customer_123,60.0,Amritsar,Clothing,-1.0,2.0,10.0,Card,3.0
1339,2025-03-23,Customer_7,28.0,Mumbai,Clothing,353.0,4.0,20.0,Cash,4.0
1340,2025-07-21,Customer_14,63.0,Mumbai,Sports,7320.0,3.0,20.0,Cash,4.0
1341,2025-06-05,Customer_64,38.0,Delhi,Books,331.0,3.0,20.0,UPI,5.0
1342,2025-02-05,Customer_59,51.0,Jalandhar,Clothing,2728.0,1.0,10.0,Card,5.0
1343,2025-10-26,Customer_82,53.0,Amritsar,Books,827.0,1.0,10.0,Card,4.0
1344,2025-11-05,Customer_110,40.0,Delhi,Grocery,102.0,3.0,5.0,Card,
1345,2025-09-29,Customer_88,39.0,Delhi,Sports,441.0,1.0,20.0,Card,
1346,2025-08-14,Customer_39,39.0,Mumbai,Clothing,320.0,5.0,10.0,Cash,5.0
1347,2025-05-27,Customer_49,,Delhi,Sports,1588.0,5.0,15.0,UPI,2.0
1348,2025-07-17,Customer_113,36.0,Ludhiana,Sports,792.0,4.0,5.0,UPI,4.0
1349,2025-07-10,Customer_31,31.0,Amritsar,Electronics,24959.0,4.0,15.0,NetBanking,5.0
1350,2025-03-02,Customer_76,34.0,Mumbai,Electronics,18965.0,3.0,5.0,Card,5.0
1351,2025-01-30,Customer_81,,Ludhiana,Grocery,1471.0,1.0,15.0,Cash,4.0
1352,2025-04-03,Customer_112,36.0,Bengaluru,Electronics,24441.0,2.0,0.0,Cash,4.0
1353,2025-06-15,Customer_107,23.0,Amritsar,Clothing,3863.0,3.0,0.0,Cash,4.0
1354,2025-02-28,Customer_70,22.0,Chandigarh,Grocery,395.0,5.0,5.0,Card,5.0
1355,2025-02-08,Customer_47,52.0,Bengaluru,Sports,2587.0,2.0,10.0,Card,1.0
1356,2025-11-07,Customer_55,21.0,Patiala,Sports,6855.0,3.0,15.0,NetBanking,2.0
1357,2025-05-17,Customer_62,44.0,Amritsar,Electronics,8856.0,2.0,5.0,NetBanking,4.0
1358,2025-08-02,Customer_33,54.0,Bengaluru,Sports,834.0,1.0,0.0,Card,3.0
1359,2025-07-11,Customer_94,52.0,Ludhiana,Electronics,20735.0,1.0,5.0,Cash,
1360,2025-09-26,Customer_32,38.0,delhi,Books,740.0,2.0,10.0,NetBanking,4.0
1361,2025-09-28,Customer_97,27.0,Bengaluru,Sports,7758.0,1.0,10.0,UPI,5.0
1362,2025-04-19,Customer_112,61.0,Chandigarh,Sports,7451.0,1.0,15.0,NetBanking,5.0
1363,2025-11-06,Customer_144,57.0,Amritsar,Clothing,744.0,2.0,5.0,Card,4.0
1364,2025-05-16,Customer_18,46.0,mumbai,Sports,6268.0,2.0,15.0,NetBanking,5.0
1365,2025-11-01,Customer_114,22.0,,Electronics,25691.0,3.0,15.0,Cash,3.0
1366,2025-05-28,Customer_13,19.0,Chandigarh,Grocery,1062.0,1.0,15.0,NetBanking,4.0
1367,2025-02-10,Customer_51,32.0,Delhi,Grocery,1238.0,2.0,10.0,UPI,3.0
1368,2025-10-05,Customer_27,25.0,Jalandhar,Clothing,3400.0,3.0,20.0,UPI,5.0
1369,2025-01-12,Customer_25,58.0,Patiala,Electronics,14503.0,5.0,5.0,NetBanking,5.0
1370,2025-10-09,Customer_27,27.0,Amritsar,Books,132.0,4.0,15.0,Cash,5.0
1371,2025-01-16,Customer_7,31.0,Bengaluru,Clothing,1987.0,5.0,0.0,Cash,5.0
1372,2025-03-17,Customer_123,63.0,Ludhiana,Books,261.0,2.0,0.0,UPI,5.0
1373,2025-08-09,Customer_10,56.0,Jalandhar,Grocery,214.0,3.0,20.0,UPI,3.0
1374,2025-12-10,Customer_60,28.0,Delhi,Clothing,762.0,3.0,10.0,NetBanking,5.0
1375,2025-05-30,Customer_105,36.0,Chandigarh,Sports,5700.0,5.0,15.0,Card,4.0
1376,2025-02-14,Customer_148,42.0,Delhi,Electronics,16126.0,5.0,15.0,Cash,
1377,2025-03-27,Customer_128,49.0,Delhi,Books,531.0,5.0,15.0,Card,4.0
1378,2025-11-24,Customer_21,62.0,Delhi,Books,696.0,4.0,5.0,Card,3.0
1379,2025-09-23,Customer_148,58.0,Mumbai,Clothing,2328.0,3.0,0.0,UPI,
1380,2025-02-06,Customer_98,63.0,Patiala,Clothing,2631.0,3.0,0.0,NetBanking,3.0
1381,2025-05-21,Customer_27,19.0,Mumbai,Electronics,4408.0,5.0,20.0,NetBanking,2.0
1382,2025-04-07,Customer_67,29.0,Mumbai,Sports,6868.0,2.0,5.0,UPI,4.0
1383,2025-03-06,Customer_137,44.0,Bengaluru,Sports,3810.0,2.0,10.0,Card,5.0
1384,2025-11-05,Customer_59,20.0,Bengaluru,Clothing,874.0,,10.0,Cash,4.0
1385,2025-08-14,Customer_28,34.0,Mumbai,Electronics,24773.0,2.0,0.0,Card,
1386,2025-03-07,Customer_131,25.0,Ludhiana,Electronics,22569.0,2.0,10.0,Cash,4.0
1387,2025-08-26,Customer_142,61.0,Mumbai,Electronics,3484.0,3.0,0.0,Card,4.0
1388,2025-05-31,Customer_146,20.0,Chandigarh,Sports,1867.0,2.0,0.0,UPI,3.0
1389,2025-01-23,Customer_143,24.0,Jalandhar,Sports,519.0,5.0,0.0,Card,5.0
1390,2025-06-14,Customer_131,27.0,Chandigarh,Electronics,9581.0,5.0,20.0,Cash,3.0
1391,2025-03-09,Customer_68,24.0,Jalandhar,Books,179.0,2.0,10.0,UPI,5.0
1392,2025-03-31,Customer_29,44.0,Delhi,Electronics,21877.0,3.0,20.0,NetBanking,5.0
1393,2025-11-17,Customer_92,,Mumbai,Clothing,2233.0,5.0,10.0,UPI,4.0
1394,2025-09-17,Customer_33,60.0,Ludhiana,Grocery,1471.0,4.0,5.0,UPI,5.0
1395,2025-02-18,Customer_71,30.0,Jalandhar,Books,699.0,2.0,15.0,Cash,3.0
1396,2025-11-07,Customer_98,43.0,Mumbai,Sports,5047.0,3.0,20.0,Cash,5.0
1397,2025-07-29,Customer_142,49.0,Patiala,Electronics,16260.0,4.0,10.0,Card,5.0
1398,2025-11-16,Customer_44,47.0,,Electronics,3526.0,4.0,0.0,Card,5.0
1399,2025-09-30,Customer_38,55.0,Amritsar,Clothing,559.0,1.0,5.0,UPI,4.0
1400,2025-05-04,Customer_110,27.0,chandigarh,Clothing,2580.0,2.0,20.0,Cash,5.0
1401,2025-07-15,Customer_1,41.0,Mumbai,Sports,433.0,5.0,10.0,Card,5.0
1402,2025-07-13,Customer_85,55.0,Bengaluru,Books,133.0,2.0,20.0,UPI,4.0
1403,2025-09-20,Customer_112,58.0,Ludhiana,Clothing,1110.0,2.0,10.0,Card,5.0
1404,2025-04-01,Customer_83,47.0,Bengaluru,Sports,7119.0,2.0,0.0,NetBanking,5.0
1405,2025-05-02,Customer_58,48.0,Patiala,Grocery,715.0,1.0,20.0,Card,4.0
1406,2025-03-31,Customer_124,58.0,Jalandhar,Grocery,1078.0,1.0,15.0,NetBanking,5.0
1407,2025-04-19,Customer_56,,Jalandhar,Grocery,646.0,2.0,15.0,Card,4.0
1408,2025-02-28,Customer_106,62.0,chandigarh,Electronics,6847.0,5.0,20.0,UPI,4.0
1409,2025-01-14,Customer_70,23.0,Chandigarh,Sports,3220.0,1.0,0.0,Card,2.0
1410,2025-12-10,Customer_4,34.0,Patiala,Electronics,4568.0,2.0,20.0,Card,3.0
1411,2025-01-28,Customer_80,23.0,Amritsar,Electronics,23567.0,1.0,5.0,UPI,5.0
1412,2025-11-21,Customer_8,22.0,Bengaluru,Clothing,979.0,3.0,20.0,Cash,4.0
1413,2025-01-02,Customer_139,40.0,Ludhiana,Clothing,1692.0,2.0,0.0,Card,4.0
1414,2025-10-11,Customer_90,28.0,Amritsar,Electronics,29440.0,4.0,10.0,Cash,3.0
1415,2025-04-30,Customer_56,37.0,Delhi,Electronics,18574.0,3.0,15.0,Card,4.0
1416,2025-07-08,Customer_73,38.0,Patiala,Books,466.0,4.0,0.0,Card,5.0
1417,2025-04-14,Customer_93,47.0,Delhi,Sports,4526.0,4.0,0.0,Card,5.0
1418,2025-06-29,Customer_39,62.0,Bengaluru,Electronics,23954.0,3.0,20.0,UPI,2.0
1419,2025-06-14,Customer_43,57.0,Amritsar,Clothing,1241.0,5.0,0.0,Cash,
1420,2025-07-13,Customer_63,35.0,Jalandhar,Grocery,972.0,3.0,15.0,UPI,4.0
1421,2025-05-24,Customer_39,33.0,Delhi,Sports,7032.0,5.0,20.0,Cash,4.0
1422,2025-07-15,Customer_113,54.0,Mumbai,Books,557.0,5.0,15.0,NetBanking,4.0
1423,2025-10-29,Customer_16,23.0,Delhi,Books,457.0,3.0,10.0,NetBanking,4.0
1424,2025-06-08,Customer_124,43.0,Patiala,Grocery,260.0,4.0,10.0,Card,4.0
1425,2025-05-12,Customer_52,37.0,Delhi,Grocery,410.0,2.0,15.0,Card,4.0
1426,2025-02-18,Customer_84,26.0,Bengaluru,Electronics,28488.0,5.0,10.0,NetBanking,4.0
1427,2025-05-12,Customer_24,46.0,Patiala,Sports,4513.0,4.0,10.0,Card,4.0
1428,2025-02-15,Customer_58,33.0,bengaluru,Sports,2690.0,5.0,0.0,Card,5.0
1429,2025-03-08,Customer_113,26.0,Mumbai,Electronics,13714.0,2.0,15.0,NetBanking,5.0
1430,2025-12-14,Customer_41,,Jalandhar,Books,562.0,4.0,15.0,NetBanking,3.0
1431,2025-02-02,Customer_20,26.0,Ludhiana,Electronics,17051.0,3.0,15.0,NetBanking,5.0
1432,2025-06-25,Customer_78,49.0,Mumbai,Books,659.0,1.0,0.0,UPI,5.0
1433,2025-11-01,Customer_25,,Ludhiana,Sports,2356.0,1.0,15.0,NetBanking,3.0
1434,2025-12-14,Customer_47,38.0,Jalandhar,Electronics,20178.0,3.0,15.0,UPI,4.0
1435,2025-02-23,Customer_68,55.0,Ludhiana,Grocery,691.0,2.0,0.0,Cash,3.0
1436,2025-03-01,Customer_85,28.0,Delhi,Electronics,28336.0,1.0,20.0,NetBanking,5.0
1437,2025-05-16,Customer_96,54.0,Jalandhar,Grocery,278.0,3.0,10.0,Cash,3.0
1438,2025-07-22,Customer_101,51.0,Chandigarh,Sports,1528.0,4.0,10.0,NetBanking,4.0
1439,2025-12-17,Customer_126,60.0,Bengaluru,Electronics,14926.0,2.0,15.0,Card,3.0
1440,2025-03-17,Customer_10,25.0,Mumbai,Clothing,-1.0,5.0,10.0,Card,4.0
1441,2025-03-02,Customer_54,51.0,Bengaluru,Sports,5650.0,4.0,10.0,Card,5.0
1442,2025-04-03,Customer_1,62.0,Amritsar,Clothing,1794.0,3.0,5.0,Card,4.0
1443,2025-11-16,Customer_2,53.0,Patiala,Electronics,27584.0,5.0,20.0,Cash,5.0
1444,2025-01-11,Customer_32,26.0,Ludhiana,Grocery,737.0,3.0,20.0,Card,5.0
1445,2025-05-19,Customer_90,56.0,Bengaluru,Grocery,237.0,1.0,0.0,Cash,5.0
1446,2025-02-13,Customer_134,23.0,Chandigarh,Books,195.0,1.0,15.0,Card,3.0
1447,2025-02-27,Customer_116,,Jalandhar,Clothing,3901.0,5.0,0.0,Card,5.0
1448,2025-12-01,Customer_97,41.0,Delhi,Sports,1419.0,5.0,5.0,UPI,1.0
1449,2025-01-01,Customer_116,42.0,Delhi,Grocery,1424.0,4.0,20.0,Cash,4.0
1450,2025-04-28,Customer_26,42.0,Patiala,Clothing,1328.0,1.0,0.0,NetBanking,5.0
1451,2025-12-01,Customer_126,19.0,Patiala,Sports,1109.0,2.0,5.0,NetBanking,4.0
1452,2025-08-10,Customer_133,41.0,Amritsar,Sports,2715.0,1.0,5.0,Card,4.0
1453,2025-01-27,Customer_15,62.0,Patiala,Grocery,941.0,1.0,15.0,Card,4.0
1454,2025-06-19,Customer_71,38.0,Jalandhar,Electronics,13981.0,2.0,10.0,Cash,5.0
1455,2025-12-21,Customer_124,31.0,Mumbai,Grocery,1189.0,3.0,10.0,Cash,5.0
1456,2025-05-27,Customer_71,,Mumbai,Grocery,935.0,1.0,20.0,UPI,4.0
1457,2025-07-12,Customer_126,22.0,Mumbai,Electronics,13221.0,5.0,10.0,Cash,5.0
1458,2025-07-14,Customer_140,40.0,Amritsar,Books,607.0,3.0,15.0,UPI,3.0
1459,2025-08-30,Customer_71,42.0,Mumbai,Sports,7783.0,2.0,0.0,UPI,3.0
1460,2025-03-10,Customer_9,40.0,Patiala,Electronics,13530.0,3.0,5.0,Cash,4.0
1461,2025-11-03,Customer_51,61.0,Patiala,Books,222.0,4.0,20.0,UPI,5.0
1462,2025-12-27,Customer_33,37.0,Bengaluru,Electronics,13445.0,2.0,20.0,Card,
1463,2025-02-22,Customer_71,63.0,Mumbai,Books,772.0,1.0,15.0,Cash,3.0
1464,2025-10-26,Customer_88,21.0,Amritsar,Grocery,365.0,1.0,5.0,Cash,2.0
1465,2025-10-26,Customer_70,52.0,Jalandhar,Electronics,28575.0,5.0,0.0,Card,5.0
1466,2025-09-28,Customer_30,45.0,Chandigarh,Sports,4871.0,1.0,20.0,UPI,3.0
1467,2025-05-16,Customer_45,29.0,Delhi,Electronics,18844.0,4.0,15.0,NetBanking,4.0
1468,2025-06-21,Customer_102,28.0,Jalandhar,Grocery,509.0,2.0,5.0,NetBanking,5.0
1469,2025-11-03,Customer_5,51.0,Delhi,Electronics,27772.0,4.0,10.0,NetBanking,1.0
1470,2025-02-25,Customer_32,47.0,Mumbai,Sports,674.0,1.0,15.0,Cash,4.0
1471,2025-10-30,Customer_133,46.0,Ludhiana,Books,338.0,5.0,10.0,Card,4.0
1472,2025-12-03,Customer_15,20.0,Chandigarh,Sports,3579.0,4.0,20.0,NetBanking,5.0
1473,2025-09-06,Customer_62,46.0,Chandigarh,Grocery,742.0,3.0,0.0,Card,4.0
1474,2025-05-05,Customer_31,64.0,Bengaluru,Grocery,737.0,2.0,5.0,UPI,4.0
1475,2025-07-24,Customer_16,18.0,Jalandhar,Books,218.0,5.0,0.0,NetBanking,3.0
1476,2025-01-19,Customer_63,40.0,Ludhiana,Books,280.0,2.0,15.0,Card,5.0
1477,2025-12-07,Customer_78,41.0,Delhi,Sports,1123.0,3.0,15.0,NetBanking,5.0
1478,2025-05-05,Customer_27,60.0,Delhi,Electronics,18028.0,2.0,20.0,Card,2.0
1479,2025-01-21,Customer_12,31.0,Patiala,Books,380.0,2.0,10.0,NetBanking,4.0
1480,2025-10-17,Customer_21,40.0,Mumbai,Electronics,17841.0,3.0,0.0,Cash,5.0
1481,2025-08-29,Customer_98,51.0,Mumbai,Clothing,2481.0,1.0,10.0,Card,1.0
1482,2025-08-16,Customer_129,20.0,Ludhiana,Sports,5735.0,1.0,0.0,Card,3.0
1483,2025-01-20,Customer_27,55.0,Mumbai,Clothing,2324.0,2.0,15.0,NetBanking,4.0
1484,2025-10-02,Customer_48,56.0,Ludhiana,Books,618.0,1.0,15.0,UPI,3.0
1485,2025-08-21,Customer_52,51.0,Patiala,Grocery,901.0,3.0,20.0,Card,3.0
1486,2025-10-17,Customer_54,48.0,Amritsar,Clothing,2714.0,5.0,5.0,Card,4.0
1487,2025-10-29,Customer_37,53.0,Jalandhar,Clothing,2581.0,1.0,5.0,Cash,3.0
1488,2025-03-19,Customer_9,54.0,Bengaluru,Grocery,508.0,1.0,0.0,Card,4.0
1489,2025-03-18,Customer_79,60.0,Patiala,Books,297.0,1.0,10.0,Cash,5.0
1490,2025-12-04,Customer_54,38.0,Chandigarh,Books,729.0,3.0,10.0,Card,4.0
1491,2025-07-13,Customer_51,39.0,Amritsar,Sports,3004.0,2.0,15.0,UPI,2.0
1492,2025-06-09,Customer_40,47.0,Chandigarh,Sports,4573.0,3.0,15.0,UPI,5.0
1493,2025-04-15,Customer_139,27.0,Jalandhar,Books,257.0,1.0,0.0,Cash,3.0
1494,2025-08-22,Customer_91,58.0,Chandigarh,Books,445.0,2.0,5.0,Card,5.0
1495,2025-10-03,Customer_63,54.0,Bengaluru,Clothing,2259.0,3.0,10.0,Card,4.0
1496,2025-01-01,Customer_31,47.0,Delhi,Grocery,957.0,3.0,5.0,Cash,5.0
1497,2025-07-21,Customer_120,32.0,Amritsar,Electronics,16738.0,3.0,0.0,Card,3.0
1498,2025-12-29,Customer_133,34.0,Patiala,Clothing,1634.0,4.0,20.0,Card,3.0
1499,2025-04-13,Customer_5,38.0,Amritsar,Sports,7709.0,3.0,15.0,UPI,4.0
1500,2025-04-13,Customer_139,49.0,Patiala,Grocery,793.0,5.0,10.0,Card,1.0
1305,2025-02-16,Customer_137,26.0,Amritsar,Grocery,1120.0,4.0,0.0,Cash,3.0
1341,2025-06-05,Customer_64,38.0,Delhi,Books,331.0,3.0,20.0,UPI,5.0
1048,2025-11-07,Customer_80,45.0,Mumbai,Sports,4892.0,4.0,20.0,UPI,1.0
1068,2025-08-09,Customer_136,47.0,Chandigarh,Clothing,1222.0,4.0,0.0,Card,5.0
1480,2025-10-17,Customer_21,40.0,Mumbai,Electronics,17841.0,3.0,0.0,Cash,5.0
1486,2025-10-17,Customer_54,48.0,Amritsar,Clothing,2714.0,5.0,5.0,Card,4.0
1311,2025-03-31,Customer_42,42.0,Delhi,Books,135.0,3.0,5.0,Cash,4.0
1032,2025-01-04,Customer_27,55.0,Jalandhar,Clothing,912.0,1.0,0.0,Cash,3.0
